"1	3	year	年	a period of twelve months	This year is very busy for me.	今年は私にとってとても忙しいです。	noun	1	4	""[""""年"""",""""月"""",""""週"""",""""日"""",""""時間""""]""	""[""""year"""",""""month"""",""""week"""",""""day"""",""""hour""""]""	""[""""year"""",""""ear"""",""""near"""",""""dear"""",""""hear""""]""	[]	[]"
"2	3	he	彼	used for a boy or man	He can play the piano.	彼はピアノを弾くことができます。	pronoun	1	5	""[""""彼"""",""""彼女"""",""""私"""",""""私たち"""",""""あなた""""]""	""[""""he"""",""""she"""",""""I"""",""""we"""",""""you""""]""	""[""""he"""",""""she"""",""""we"""",""""me"""",""""see""""]""	[]	[]"
"3	3	some	いくつかの	an unspecified number or amount; more than one or a little	I have some books in my bag.	かばんの中に本が何冊かあります。	adjective	2	5	""[""""いくつかの"""",""""たくさんの"""",""""すべての"""",""""少しの"""",""""どの〜もない""""]""	""[""""some"""",""""many"""",""""all"""",""""few"""",""""none""""]""	""[""""some"""",""""same"""",""""sun"""",""""song"""",""""seem""""]""	""[{""""word"""":""""several"""",""""note"""":""""someよりややはっきり「いくつかの」を表す。可算名詞に使う。""""},{""""word"""":""""a few"""",""""note"""":""""可算名詞に使い、「少しある」という前向きな意味。""""}]""	""[{""""word"""":""""none"""",""""note"""":""""「まったくない」という反対の意味。""""}]"""
"4	3	she	彼女	used to talk about a girl or woman	She reads a book after school.	彼女は放課後に本を読みます。	pronoun	1	5	""[""""彼女"""",""""彼"""",""""私たち"""",""""あなた"""",""""それ""""]""	""[""""she"""",""""he"""",""""we"""",""""you"""",""""it""""]""	""[""""she"""",""""see"""",""""sea"""",""""he"""",""""cheap""""]""	[]	[]"
"5	3	can	〜できる	to be able to do something	I can swim well.	私は上手に泳げます。	modal verb	1	5	""[""""〜できる"""",""""〜しなければならない"""",""""〜してもよい"""",""""〜するつもりだ"""",""""〜したい""""]""	""[""""can"""",""""must"""",""""may"""",""""will"""",""""want to""""]""	""[""""can"""",""""cap"""",""""cat"""",""""came"""",""""call""""]""	""[{""""word"""":""""be able to"""",""""note"""":""""can より少しかたい表現で、時制によって使い分ける。""""}]""	[]"
"6	3	month	月	one of the twelve parts of a year	My birthday is next month.	私の誕生日は来月です。	noun	1	4	""[""""月"""",""""年"""",""""週"""",""""日"""",""""時間""""]""	""[""""month"""",""""year"""",""""week"""",""""day"""",""""hour""""]""	""[""""month"""",""""mouth"""",""""math"""",""""monk"""",""""money""""]""	[]	[]"
"7	3	over	〜の上に	above something; higher than something	The lamp is over the table.	ランプはテーブルの上にあります。	preposition	2	4	""[""""〜の上に"""",""""〜の下に"""",""""〜の中に"""",""""〜の後ろに"""",""""〜の前に""""]""	""[""""over"""",""""under"""",""""in"""",""""behind"""",""""in front of""""]""	""[""""over"""",""""older"""",""""open"""",""""owner"""",""""order""""]""	""[{""""word"""":""""above"""",""""note"""":""""over は『真上・覆う感じ』でも使うが、above は位置関係を表すことが多い。""""}]""	""[{""""word"""":""""under"""",""""note"""":""""『〜の下に』という自然な反対の位置関係。""""}]"""
"8	3	woman	女性	an adult female person	That woman is my teacher.	あの女性は私の先生です。	noun	1	4	""[""""女性"""",""""男性"""",""""少女"""",""""少年"""",""""先生""""]""	""[""""woman"""",""""man"""",""""girl"""",""""boy"""",""""lady""""]""	""[""""woman"""",""""women"""",""""human"""",""""moment"""",""""warm""""]""	[]	""[{""""word"""":""""man"""",""""note"""":""""成人の男性""""}]"""
"9	3	man	男性	an adult male person	The man has a big bag.	その男性は大きなかばんを持っています。	noun	1	4	""[""""男性"""",""""女性"""",""""少年"""",""""少女"""",""""人""""]""	""[""""man"""",""""woman"""",""""boy"""",""""girl"""",""""person""""]""	""[""""man"""",""""men"""",""""main"""",""""map"""",""""mat""""]""	[]	""[{""""word"""":""""woman"""",""""note"""":""""性別が反対の基本語。man は成人男性、woman は成人女性。""""}]"""
"10	3	windy	風の強い	having a lot of wind	It is windy today.	今日は風が強いです。	adjective	1	4	""[""""風の強い"""",""""晴れた"""",""""雨の"""",""""曇った"""",""""雪の降る""""]""	""[""""windy"""",""""sunny"""",""""rainy"""",""""cloudy"""",""""snowy""""]""	""[""""windy"""",""""window"""",""""winter"""",""""winner"""",""""wind""""]""	[]	""[{""""word"""":""""calm"""",""""note"""":""""風や天気が穏やかで、風がほとんどない状態。""""}]"""
"11	3	and	そして、〜と〜	used to join words or ideas	Tom and I play soccer after school.	トムと私は放課後にサッカーをします。	conjunction	1	5	""[""""そして、〜と〜"""",""""しかし"""",""""または"""",""""だから"""",""""でも""""]""	""[""""and"""",""""but"""",""""or"""",""""so"""",""""because""""]""	""[""""and"""",""""end"""",""""hand"""",""""ant"""",""""sand""""]""	[]	[]"
"12	3	monkey	さる	a smart animal with a long tail that can climb trees	The monkey is in the tree.	そのさるは木の上にいます。	noun	1	3	""[""""さる"""",""""いぬ"""",""""ねこ"""",""""うさぎ"""",""""くま""""]""	""[""""monkey"""",""""dog"""",""""cat"""",""""rabbit"""",""""bear""""]""	""[""""monkey"""",""""money"""",""""donkey"""",""""Monday"""",""""monk""""]""	[]	[]"
"13	3	pet	ペット	an animal that you keep at home for enjoyment	We have a pet dog at home.	私たちは家でペットの犬を飼っています。	noun	1	4	""[""""ペット"""",""""動物"""",""""子犬"""",""""えさ"""",""""鳥""""]""	""[""""pet"""",""""animal"""",""""puppy"""",""""food"""",""""bird""""]""	""[""""pet"""",""""pen"""",""""bed"""",""""pat"""",""""pig""""]""	[]	[]"
"14	3	fish	魚	an animal that lives in water and swims	I can see a fish in the water.	私は水の中に魚が一匹見えます。	noun	1	5	""[""""魚"""",""""鳥"""",""""犬"""",""""馬"""",""""虫""""]""	""[""""fish"""",""""bird"""",""""dog"""",""""horse"""",""""insect""""]""	""[""""fish"""",""""dish"""",""""wish"""",""""ship"""",""""finish""""]""	[]	[]"
"15	3	bird	鳥	an animal with wings and feathers	A bird is singing in the tree.	鳥が木でさえずっています。	noun	1	4	""[""""鳥"""",""""犬"""",""""猫"""",""""魚"""",""""馬""""]""	""[""""bird"""",""""dog"""",""""cat"""",""""fish"""",""""horse""""]""	""[""""bird"""",""""bed"""",""""board"""",""""burn"""",""""word""""]""	[]	[]"
"16	3	autumn	秋	the season between summer and winter	School starts in autumn here.	ここでは学校は秋に始まります。	noun	2	3	""[""""秋"""",""""春"""",""""夏"""",""""冬"""",""""季節""""]""	""[""""autumn"""",""""spring"""",""""summer"""",""""winter"""",""""season""""]""	""[""""autumn"""",""""atom"""",""""August"""",""""often"""",""""awesome""""]""	""[{""""word"""":""""fall"""",""""note"""":""""主にアメリカ英語で使う。autumn はより一般的でやや改まった語。""""}]""	[]"
"17	3	shoulder	肩	the part of your body between your neck and your arm	My bag is on my shoulder.	私のかばんは肩にかかっています。	noun	2	3	""[""""肩"""",""""首"""",""""腕"""",""""ひじ"""",""""手首""""]""	""[""""shoulder"""",""""neck"""",""""arm"""",""""elbow"""",""""wrist""""]""	""[""""shoulder"""",""""soldier"""",""""shelter"""",""""shorter"""",""""holder""""]""	[]	[]"
"18	3	I'm sorry	ごめんなさい	used to apologize to someone	I'm sorry I'm late.	遅れてごめんなさい。	phrase	1	5	""[""""ごめんなさい"""",""""ありがとう"""",""""おはよう"""",""""さようなら"""",""""お願いします""""]""	""[""""I'm sorry"""",""""Thank you"""",""""Good morning"""",""""Goodbye"""",""""Please""""]""	""[""""I'm sorry"""",""""I'm sleepy"""",""""I'm hungry"""",""""I'm ready"""",""""I'm happy""""]""	""[{""""word"""":""""Sorry"""",""""note"""":""""より短くカジュアルな言い方。""""}]""	[]"
"19	3	be late for	〜に遅れる	to not arrive on time for something	Don't be late for school.	学校に遅れないでください。	verb	2	4	""[""""〜に遅れる"""",""""〜に間に合う"""",""""〜を休む"""",""""〜に参加する"""",""""〜を始める""""]""	""[""""be late for"""",""""be on time for"""",""""be absent from"""",""""join"""",""""start""""]""	""[""""be late for"""",""""be ready for"""",""""be sorry for"""",""""be famous for"""",""""be careful with""""]""	[]	""[{""""word"""":""""be on time for"""",""""note"""":""""「〜に時間どおりに着く」という自然な反対表現。""""}]"""
"20	3	Are you busy?	忙しいですか	used to ask if someone has time or is occupied	Are you busy now?	今、忙しいですか。	phrase	1	5	""[""""忙しいですか"""",""""元気ですか"""",""""眠いですか"""",""""大丈夫ですか"""",""""準備はいいですか""""]""	""[""""Are you busy?"""",""""Are you fine?"""",""""Are you sleepy?"""",""""Are you okay?"""",""""Are you ready?""""]""	""[""""Are you busy?"""",""""Are you dizzy?"""",""""Are you easy?"""",""""Are you ready?"""",""""Are you hungry?""""]""	[]	[]"
"21	3	When is your birthday?	誕生日はいつですか	used to ask about the date of someone's birthday	When is your birthday?	誕生日はいつですか。	phrase	1	5	""[""""誕生日はいつですか"""",""""あなたは何歳ですか"""",""""今日は何日ですか"""",""""何曜日ですか"""",""""今何時ですか""""]""	""[""""When is your birthday?"""",""""How old are you?"""",""""What is the date today?"""",""""What day is it today?"""",""""What time is it now?""""]""	""[""""When is your birthday?"""",""""Where is your notebook?"""",""""What is your favorite day?"""",""""When is your bus coming?"""",""""What is your brother's name?""""]""	[]	[]"
"22	3	How are you doing?	元気ですか	used to ask about someone's condition in a friendly way	How are you doing today?	今日は元気ですか。	phrase	1	5	""[""""元気ですか"""",""""お名前は何ですか"""",""""何歳ですか"""",""""どこに住んでいますか"""",""""今何時ですか""""]""	""[""""How are you doing?"""",""""What's your name?"""",""""How old are you?"""",""""Where do you live?"""",""""What time is it?""""]""	""[""""How are you doing?"""",""""How are you feeling?"""",""""What are you doing?"""",""""How have you been?"""",""""How are you today?""""]""	""[{""""word"""":""""How are you?"""",""""note"""":""""最も基本的なあいさつ表現。doing を使う形より少し一般的。""""},{""""word"""":""""How have you been?"""",""""note"""":""""しばらく会っていなかった相手によく使う。""""}]""	[]"
"23	3	What are you doing?	何をしていますか	used to ask what someone is doing now	What are you doing now?	今、何をしていますか。	phrase	1	5	""[""""何をしていますか"""",""""どこに行きますか"""",""""何を食べますか"""",""""誰と話していますか"""",""""いつ来ますか""""]""	""[""""What are you doing?"""",""""Where are you going?"""",""""What are you eating?"""",""""Who are you talking to?"""",""""When are you coming?""""]""	""[""""What are you doing?"""",""""What are you reading?"""",""""What are you making?"""",""""Where are you going?"""",""""Why are you waiting?""""]""	[]	[]"
"24	3	How are you?	お元気ですか	used to ask about someone's condition or feelings as a greeting	How are you today?	今日はお元気ですか。	phrase	1	5	""[""""お元気ですか"""",""""お名前は何ですか"""",""""どこに住んでいますか"""",""""何歳ですか"""",""""また会いましょう""""]""	""[""""How are you?"""",""""What is your name?"""",""""Where do you live?"""",""""How old are you?"""",""""See you again.""""]""	""[""""How are you?"""",""""Who are you?"""",""""How old are you?"""",""""How was your day?"""",""""Where are you?""""]""	""[{""""word"""":""""How do you do?"""",""""note"""":""""とても丁寧でやや古いあいさつ表現""""},{""""word"""":""""How's it going?"""",""""note"""":""""よりくだけた言い方""""}]""	[]"
"25	3	Where are you from?	どこ出身ですか	used to ask about a person's hometown or country	Where are you from?	どこ出身ですか。	phrase	1	5	""[""""どこ出身ですか"""",""""お元気ですか"""",""""何歳ですか"""",""""どこへ行くのですか"""",""""何をしていますか""""]""	""[""""Where are you from?"""",""""How are you?"""",""""How old are you?"""",""""Where are you going?"""",""""What are you doing?""""]""	""[""""Where are you from?"""",""""Where do you live?"""",""""What are you doing?"""",""""Where are you going?"""",""""How are you today?""""]""	[]	[]"
"26	3	How do you go to school?	どうやって学校に行きますか	used to ask how someone travels to school	How do you go to school?	どうやって学校に行きますか。	phrase	1	5	""[""""どうやって学校に行きますか"""",""""何時に学校へ行きますか"""",""""だれと学校へ行きますか"""",""""学校はどこですか"""",""""学校は好きですか""""]""	""[""""How do you go to school?"""",""""What time do you go to school?"""",""""Who do you go to school with?"""",""""Where is your school?"""",""""Do you like school?""""]""	""[""""How do you go to school?"""",""""How do you get to school?"""",""""When do you go to school?"""",""""Where do you go after school?"""",""""Why do you go to school?""""]""	[]	[]"
"27	3	How is the weather today?	今日の天気はどうですか	used to ask about the weather today	How is the weather today?	今日の天気はどうですか。	phrase	1	4	""[""""今日の天気はどうですか"""",""""今日は何曜日ですか"""",""""今日は暑いです"""",""""明日は晴れです"""",""""昨日は雨でした""""]""	""[""""How is the weather today?"""",""""What day is it today?"""",""""It is hot today."""",""""It will be sunny tomorrow."""",""""It was rainy yesterday.""""]""	""[""""How is the weather today?"""",""""How was the weather today?"""",""""What is the weather today?"""",""""How is the weather there?"""",""""How is the weather this day?""""]""	""[{""""word"""":""""What's the weather like today?"""",""""note"""":""""同じ意味でよく使う自然な言い方。""""}]""	[]"
"28	3	How about you?	あなたはどうですか	used to ask the same question back to another person	I like tennis. How about you?	私はテニスが好きです。あなたはどうですか。	phrase	1	5	""[""""あなたはどうですか"""",""""本当ですか"""",""""もう一度言ってください"""",""""手伝ってくれますか"""",""""気をつけて""""]""	""[""""How about you?"""",""""Really?"""",""""Please say it again."""",""""Can you help me?"""",""""Be careful.""""]""	""[""""How about you?"""",""""How are you?"""",""""What about you?"""",""""How old are you?"""",""""Who are you?""""]""	""[{""""word"""":""""What about you?"""",""""note"""":""""ほぼ同じ意味で、相手にも同じことをたずね返す表現""""}]""	[]"
"29	3	Can you help me?	手伝ってくれますか	used to ask someone to help you	Can you help me with my homework?	宿題を手伝ってくれますか。	phrase	1	5	""[""""手伝ってくれますか"""",""""座ってもいいですか"""",""""見てもいいですか"""",""""来てくれますか"""",""""待ってくれますか""""]""	""[""""Can you help me?"""",""""Can you wait for me?"""",""""Can you come here?"""",""""Can you show me?"""",""""Can you call me?""""]""	""[""""Can you help me?"""",""""Can you tell me?"""",""""Can you join me?"""",""""Can you hear me?"""",""""Can you save me?""""]""	""[{""""word"""":""""Could you help me?"""",""""note"""":""""よりていねいな頼み方""""},{""""word"""":""""Please help me."""",""""note"""":""""より直接的な言い方""""}]""	[]"
"30	3	Are you all right?	大丈夫ですか	used to ask if someone is okay or not hurt	Are you all right?	大丈夫ですか。	phrase	1	5	""[""""大丈夫ですか"""",""""元気ですか"""",""""準備はいいですか"""",""""どこにいますか"""",""""何をしていますか""""]""	""[""""Are you all right?"""",""""Are you happy?"""",""""Are you ready?"""",""""Where are you?"""",""""What are you doing?""""]""	""[""""Are you all right?"""",""""Are you awake?"""",""""Are you okay?"""",""""Are you alone?"""",""""Are you ready?""""]""	""[{""""word"""":""""Are you okay?"""",""""note"""":""""より口語的で、日常会話でよく使う。""""}]""	[]"
"31	3	what	何	used to ask about a thing or information	What is this?	これは何ですか。	pronoun	1	5	""[""""何"""",""""だれ"""",""""どこ"""",""""いつ"""",""""なぜ""""]""	""[""""what"""",""""who"""",""""where"""",""""when"""",""""why""""]""	""[""""what"""",""""when"""",""""which"""",""""want"""",""""white""""]""	[]	[]"
"32	3	how	どのように	used to ask about a way, method, or condition	How do you go to school?	どうやって学校に行きますか。	adverb	1	5	""[""""どのように"""",""""いつ"""",""""どこで"""",""""なぜ"""",""""だれが""""]""	""[""""how"""",""""when"""",""""where"""",""""why"""",""""who""""]""	""[""""how"""",""""house"""",""""now"""",""""cow"""",""""hour""""]""	[]	[]"
"33	3	whose	だれの	used to ask or say who something belongs to	Whose bag is this?	これはだれのかばんですか。	pronoun	2	4	""[""""だれの"""",""""どれ"""",""""だれ"""",""""なに"""",""""どちらの""""]""	""[""""whose"""",""""which"""",""""who"""",""""what"""",""""where""""]""	""[""""whose"""",""""who"""",""""which"""",""""when"""",""""where""""]""	[]	[]"
"34	3	who	だれ	used to ask which person	Who is that boy?	あの男の子はだれですか。	pronoun	1	5	""[""""だれ"""",""""どこ"""",""""いつ"""",""""なに"""",""""どちら""""]""	""[""""who"""",""""where"""",""""when"""",""""what"""",""""which""""]""	""[""""who"""",""""whose"""",""""how"""",""""whom"""",""""woo""""]""	[]	[]"
"35	1	where	どこ	used to ask about a place	Where is my book?	私の本はどこですか。	adverb	1	5	""[""""どこ"""",""""いつ"""",""""だれ"""",""""なに"""",""""なぜ""""]""	""[""""where"""",""""when"""",""""who"""",""""what"""",""""why""""]""	""[""""where"""",""""wear"""",""""were"""",""""when"""",""""why""""]""	[]	[]"
"36	1	when	いつ	used to ask about time	When is your birthday?	あなたの誕生日はいつですか。	adverb	1	5	""[""""いつ"""",""""どこで"""",""""だれが"""",""""なぜ"""",""""どのように""""]""	""[""""when"""",""""where"""",""""who"""",""""why"""",""""how""""]""	""[""""when"""",""""where"""",""""went"""",""""win"""",""""what""""]""	[]	[]"
"37	1	which	どれ、どの	used to ask about one thing or person from a group	Which bag is yours?	どのかばんがあなたのものですか。	pronoun	2	4	""[""""どれ"""",""""だれ"""",""""いつ"""",""""どこ"""",""""なに""""]""	""[""""which"""",""""who"""",""""when"""",""""where"""",""""what""""]""	""[""""which"""",""""wish"""",""""witch"""",""""watch"""",""""wheel""""]""	[]	[]"
"38	1	why	なぜ	used to ask about the reason for something	Why are you sad?	なぜ悲しいのですか。	adverb	1	5	""[""""なぜ"""",""""いつ"""",""""どこで"""",""""だれが"""",""""どのように""""]""	""[""""why"""",""""when"""",""""where"""",""""who"""",""""how""""]""	""[""""why"""",""""wide"""",""""wine"""",""""white"""",""""while""""]""	[]	[]"
"39	1	always	いつも	every time; at all times	He is always kind to me.	彼はいつも私に親切です。	adverb	1	5	""[""""いつも"""",""""たいてい"""",""""ときどき"""",""""めったに〜ない"""",""""決して〜ない""""]""	""[""""always"""",""""usually"""",""""sometimes"""",""""rarely"""",""""never""""]""	""[""""always"""",""""already"""",""""also"""",""""all day"""",""""away""""]""	""[{""""word"""":""""usually"""",""""note"""":""""always より頻度が少なく、『たいてい』の意味。""""}]""	""[{""""word"""":""""never"""",""""note"""":""""『決して〜ない』で、always の自然な反対。""""}]"""
"40	1	there	そこ、あそこ	in or to that place; not here	My bag is over there.	私のかばんはあそこにあります。	adverb	1	5	""[""""そこ"""",""""あそこ"""",""""ここ"""",""""どこ"""",""""近く""""]""	""[""""there"""",""""here"""",""""where"""",""""near"""",""""outside""""]""	""[""""there"""",""""their"""",""""three"""",""""where"""",""""care""""]""	[]	""[{""""word"""":""""here"""",""""note"""":""""there は「あそこ」、here は「ここ」""""}]"""
"41	1	here	ここに	in this place; at this spot	Please come here.	ここに来てください。	adverb	1	5	""[""""ここに"""",""""そこに"""",""""あそこに"""",""""どこに"""",""""近くに""""]""	""[""""here"""",""""there"""",""""near"""",""""inside"""",""""everywhere""""]""	""[""""here"""",""""hear"""",""""hair"""",""""near"""",""""dear""""]""	[]	""[{""""word"""":""""there"""",""""note"""":""""here は「ここに」、there は「そこに・あそこに」""""}]"""
"42	1	car	車	a vehicle with four wheels used for driving on roads	My father has a red car.	私の父は赤い車を持っています。	noun	1	5	""[""""車"""",""""自転車"""",""""バス"""",""""電車"""",""""トラック""""]""	""[""""car"""",""""bike"""",""""bus"""",""""train"""",""""truck""""]""	""[""""car"""",""""card"""",""""cart"""",""""cap"""",""""can""""]""	""[{""""word"""":""""automobile"""",""""note"""":""""よりフォーマルな語。日常会話では car が普通。""""}]""	[]"
"43	1	bread	パン	food made from flour and baked	I eat bread for breakfast every morning.	私は毎朝朝食にパンを食べます。	noun	1	5	""[""""パン"""",""""ごはん"""",""""めん"""",""""ケーキ"""",""""チーズ""""]""	""[""""bread"""",""""rice"""",""""noodles"""",""""cake"""",""""cheese""""]""	""[""""bread"""",""""bred"""",""""break"""",""""brand"""",""""bright""""]""	[]	[]"
"44	1	pie	パイ	a baked dish with fruit, meat, or vegetables inside	This apple pie is very good.	このアップルパイはとてもおいしいです。	noun	2	3	""[""""パイ"""",""""ケーキ"""",""""パン"""",""""クッキー"""",""""プリン""""]""	""[""""pie"""",""""cake"""",""""bread"""",""""cookie"""",""""pudding""""]""	""[""""pie"""",""""pine"""",""""pipe"""",""""buy"""",""""tie""""]""	[]	[]"
"45	1	the	その	used before a noun when talking about a specific person or thing	The cat is under the table.	その猫はテーブルの下にいます。	article	1	5	""[""""その"""",""""この"""",""""あの"""",""""ひとつの"""",""""いくつかの""""]""	""[""""the"""",""""this"""",""""that"""",""""a"""",""""some""""]""	""[""""the"""",""""they"""",""""then"""",""""day"""",""""though""""]""	[]	[]"
"46	1	baseball	野球	a sport played with a bat, ball, and bases	I like baseball very much.	私は野球がとても好きです。	noun	1	4	""[""""野球"""",""""サッカー"""",""""テニス"""",""""バスケットボール"""",""""バレーボール""""]""	""[""""baseball"""",""""soccer"""",""""tennis"""",""""basketball"""",""""volleyball""""]""	""[""""baseball"""",""""basketball"""",""""volleyball"""",""""handball"""",""""softball""""]""	[]	[]"
"47	1	stand	立つ	to be on your feet	Please stand by the door.	ドアのそばに立ってください。	verb	1	4	""[""""立つ"""",""""座る"""",""""歩く"""",""""走る"""",""""待つ""""]""	""[""""stand"""",""""sit"""",""""walk"""",""""run"""",""""wait""""]""	""[""""stand"""",""""stamp"""",""""stare"""",""""start"""",""""stay""""]""	[]	""[{""""word"""":""""sit"""",""""note"""":""""「座る」。stand の自然な反対動作。""""}]"""
"48	1	coffee	コーヒー	a dark drink made from roasted coffee beans	My mother drinks coffee every morning.	母は毎朝コーヒーを飲みます。	noun	1	5	""[""""コーヒー"""",""""お茶"""",""""牛乳"""",""""水"""",""""ジュース""""]""	""[""""coffee"""",""""tea"""",""""milk"""",""""water"""",""""juice""""]""	""[""""coffee"""",""""copy"""",""""coughing"""",""""toffee"""",""""coffin""""]""	[]	[]"
"49	1	flower	花	the colorful part of a plant	This flower is very pretty.	この花はとてもきれいです。	noun	1	5	""[""""花"""",""""葉"""",""""木"""",""""草"""",""""種""""]""	""[""""flower"""",""""leaf"""",""""tree"""",""""grass"""",""""seed""""]""	""[""""flower"""",""""flour"""",""""floor"""",""""flyer"""",""""flavor""""]""	""[{""""word"""":""""blossom"""",""""note"""":""""主に花そのものや咲く花を表す。flower よりやや文語的。""""}]""	[]"
"50	1	start	始める	to begin doing something	We start school at nine.	私たちは9時に学校が始まります。	verb	1	4	""[""""始める"""",""""終える"""",""""続ける"""",""""止める"""",""""変える""""]""	""[""""start"""",""""finish"""",""""continue"""",""""stop"""",""""change""""]""	""[""""start"""",""""smart"""",""""stark"""",""""stand"""",""""store""""]""	""[{""""word"""":""""begin"""",""""note"""":""""start とほぼ同じ意味で使える基本語""""}]""	""[{""""word"""":""""finish"""",""""note"""":""""始めるの反対で、終えるという意味""""}]"""
"51	1	of	〜の	used to show belonging, relation, or part of something	This is a map of Japan.	これは日本の地図です。	preposition	1	5	""[""""〜の"""",""""〜で"""",""""〜から"""",""""〜へ"""",""""〜と""""]""	""[""""of"""",""""in"""",""""from"""",""""to"""",""""with""""]""	""[""""of"""",""""off"""",""""on"""",""""up"""",""""for""""]""	[]	[]"
"52	1	my	私の	used before a noun to show that something belongs to me	This is my bag.	これは私のかばんです。	adjective	1	5	""[""""私の"""",""""あなたの"""",""""彼の"""",""""彼女の"""",""""私たちの""""]""	""[""""my"""",""""your"""",""""his"""",""""her"""",""""our""""]""	""[""""my"""",""""may"""",""""mine"""",""""me"""",""""man""""]""	[]	[]"
"53	1	your	あなたの	used to show that something belongs to the person you are speaking to	Is this your pencil case?	これはあなたの筆箱ですか。	adjective	1	5	""[""""あなたの"""",""""私の"""",""""彼の"""",""""彼女の"""",""""私たちの""""]""	""[""""your"""",""""my"""",""""his"""",""""her"""",""""our""""]""	""[""""your"""",""""yours"""",""""year"""",""""yellow"""",""""young""""]""	[]	[]"
"54	1	under	〜の下に	below something; in or to a lower position than something	The cat is under the table.	その猫はテーブルの下にいます。	preposition	1	5	""[""""〜の下に"""",""""〜の上に"""",""""〜の中に"""",""""〜の後ろに"""",""""〜の前に""""]""	""[""""under"""",""""on"""",""""in"""",""""behind"""",""""in front of""""]""	""[""""under"""",""""over"""",""""around"""",""""inside"""",""""behind""""]""	""[{""""word"""":""""below"""",""""note"""":""""underよりやや書き言葉で、真下でなくても使えることがある""""}]""	""[{""""word"""":""""over"""",""""note"""":""""位置関係で『〜の上に』を表す基本的な反対語""""}]"""
"55	1	bear	くま	a large, strong wild animal with thick fur	I saw a bear at the zoo.	私は動物園でくまを見ました。	noun	1	3	""[""""くま"""",""""ライオン"""",""""オオカミ"""",""""きつね"""",""""しか""""]""	""[""""bear"""",""""lion"""",""""wolf"""",""""fox"""",""""deer""""]""	""[""""bear"""",""""pear"""",""""bird"""",""""bell"""",""""boat""""]""	[]	[]"
"56	1	Australia	オーストラリア	a country in the Southern Hemisphere	My uncle lives in Australia.	私のおじはオーストラリアに住んでいます。	noun	2	3	""[""""オーストラリア"""",""""カナダ"""",""""中国"""",""""インド"""",""""ブラジル""""]""	""[""""Australia"""",""""Canada"""",""""China"""",""""India"""",""""Brazil""""]""	""[""""Australia"""",""""Austrian"""",""""Austria"""",""""industrial"""",""""Italian""""]""	[]	[]"
"57	1	elephant	ぞう	a very large gray animal with a long trunk	The elephant has a long trunk.	そのぞうは長い鼻を持っています。	noun	1	3	""[""""ぞう"""",""""きりん"""",""""さる"""",""""らいおん"""",""""くま""""]""	""[""""elephant"""",""""giraffe"""",""""monkey"""",""""lion"""",""""bear""""]""	""[""""elephant"""",""""elegant"""",""""relevant"""",""""resident"""",""""element""""]""	[]	[]"
"58	1	sea	海	a large area of salt water	The sea looks very blue today.	今日は海がとても青く見えます。	noun	1	4	""[""""海"""",""""川"""",""""湖"""",""""池"""",""""浜辺""""]""	""[""""sea"""",""""river"""",""""lake"""",""""pond"""",""""beach""""]""	""[""""sea"""",""""seed"""",""""seat"""",""""see"""",""""seal""""]""	""[{""""word"""":""""ocean"""",""""note"""":""""ocean のほうが sea より広く大きいことが多い。""""}]""	[]"
"59	1	city	都市	a large town where many people live and work	This city has many parks.	この都市にはたくさんの公園があります。	noun	1	4	""[""""都市"""",""""町"""",""""村"""",""""首都"""",""""地域""""]""	""[""""city"""",""""town"""",""""village"""",""""capital"""",""""area""""]""	""[""""city"""",""""sit"""",""""sixty"""",""""pretty"""",""""busy""""]""	""[{""""word"""":""""town"""",""""note"""":""""city のほうが town より大きいことが多い。""""},{""""word"""":""""capital"""",""""note"""":""""capital は国や地域の中心となる都市。""""}]""	[]"
"60	1	tooth	歯	a hard white part in your mouth that you use for biting and chewing	I have a bad tooth.	私は虫歯があります。	noun	1	4	""[""""歯"""",""""舌"""",""""唇"""",""""あご"""",""""歯ぐき""""]""	""[""""tooth"""",""""tongue"""",""""lip"""",""""jaw"""",""""gum""""]""	""[""""tooth"""",""""truth"""",""""tool"""",""""teeth"""",""""touch""""]""	[]	[]"
"61	1	cola	コーラ	a sweet, dark soft drink	I want a cold cola.	私は冷たいコーラがほしいです。	noun	1	4	""[""""コーラ"""",""""ジュース"""",""""お茶"""",""""牛乳"""",""""水""""]""	""[""""cola"""",""""juice"""",""""tea"""",""""milk"""",""""water""""]""	""[""""cola"""",""""color"""",""""corner"""",""""cocoa"""",""""comma""""]""	""[{""""word"""":""""soda"""",""""note"""":""""特に米語で使われることが多い。cola はコーラ味の炭酸飲料を指す。""""}]""	[]"
"62	1	sky	空	the space above the earth that we can see	The sky is blue today.	今日は空が青いです。	noun	1	5	""[""""空"""",""""雲"""",""""星"""",""""太陽"""",""""月""""]""	""[""""sky"""",""""cloud"""",""""star"""",""""sun"""",""""moon""""]""	""[""""sky"""",""""skirt"""",""""kite"""",""""star"""",""""spy""""]""	[]	[]"
"63	1	foot	足	the part at the end of your leg that you stand on	My left foot is wet.	私の左足はぬれています。	noun	1	4	""[""""足"""",""""手"""",""""腕"""",""""脚"""",""""指""""]""	""[""""foot"""",""""hand"""",""""arm"""",""""leg"""",""""toe""""]""	""[""""foot"""",""""food"""",""""full"""",""""put"""",""""fit""""]""	[]	[]"
"64	1	mouth	口	the part of your face that you use for eating and speaking	Please open your mouth.	口を開けてください。	noun	1	5	""[""""口"""",""""鼻"""",""""目"""",""""耳"""",""""顔""""]""	""[""""mouth"""",""""nose"""",""""eye"""",""""ear"""",""""face""""]""	""[""""mouth"""",""""mouse"""",""""math"""",""""month"""",""""south""""]""	[]	[]"
"65	1	ear	耳	the part of the head that you hear with	My ear hurts a little.	耳が少し痛いです。	noun	1	5	""[""""耳"""",""""目"""",""""鼻"""",""""口"""",""""首""""]""	""[""""ear"""",""""eye"""",""""nose"""",""""mouth"""",""""neck""""]""	""[""""ear"""",""""air"""",""""year"""",""""near"""",""""hear""""]""	[]	[]"
"66	1	hand	手	the part at the end of your arm with fingers and a thumb	Wash your hands before lunch.	昼食の前に手を洗いましょう。	noun	1	5	""[""""手"""",""""腕"""",""""指"""",""""足"""",""""顔""""]""	""[""""hand"""",""""arm"""",""""finger"""",""""foot"""",""""face""""]""	""[""""hand"""",""""sand"""",""""band"""",""""land"""",""""hat""""]""	[]	[]"
"67	1	eye	目	the part of the face that you use for seeing	She has big eyes.	彼女は大きな目をしています。	noun	1	5	""[""""目"""",""""耳"""",""""鼻"""",""""口"""",""""顔""""]""	""[""""eye"""",""""ear"""",""""nose"""",""""mouth"""",""""face""""]""	""[""""eye"""",""""ice"""",""""ear"""",""""arm"""",""""egg""""]""	[]	[]"
"68	1	nose	鼻	the part of your face that you use for smelling and breathing	My nose is very cold.	私の鼻はとても冷たいです。	noun	1	5	""[""""鼻"""",""""口"""",""""耳"""",""""目"""",""""顔""""]""	""[""""nose"""",""""mouth"""",""""ear"""",""""eye"""",""""face""""]""	""[""""nose"""",""""note"""",""""knows"""",""""net"""",""""name""""]""	[]	[]"
"69	1	radio	ラジオ	a device for listening to programs, music, or news	My grandfather listens to the radio every morning.	私の祖父は毎朝ラジオを聞きます。	noun	1	4	""[""""ラジオ"""",""""テレビ"""",""""電話"""",""""時計"""",""""カメラ""""]""	""[""""radio"""",""""television"""",""""telephone"""",""""clock"""",""""camera""""]""	""[""""radio"""",""""ratio"""",""""radar"""",""""video"""",""""ready""""]""	[]	[]"
"70	1	television	テレビ	a machine used for watching programs and videos	We watch television after dinner.	私たちは夕食の後にテレビを見ます。	noun	1	5	""[""""テレビ"""",""""ラジオ"""",""""電話"""",""""時計"""",""""カメラ""""]""	""[""""television"""",""""radio"""",""""telephone"""",""""clock"""",""""camera""""]""	""[""""television"""",""""telephone"""",""""televise"""",""""revision"""",""""decision""""]""	""[{""""word"""":""""TV"""",""""note"""":""""television の短い言い方。日常会話でよく使う。""""}]""	[]"
"71	1	sandwich	サンドイッチ	two pieces of bread with meat, cheese, or other food between them	I made a sandwich for lunch.	私は昼食にサンドイッチを作りました。	noun	1	4	""[""""サンドイッチ"""",""""ハンバーガー"""",""""スープ"""",""""サラダ"""",""""おにぎり""""]""	""[""""sandwich"""",""""hamburger"""",""""soup"""",""""salad"""",""""rice ball""""]""	""[""""sandwich"""",""""language"""",""""bandage"""",""""sausage"""",""""Spanish""""]""	[]	[]"
"72	1	uncle	おじ	the brother of your mother or father, or the husband of your aunt	My uncle lives near my house.	私のおじは私の家の近くに住んでいます。	noun	1	4	""[""""おじ"""",""""おば"""",""""いとこ"""",""""おい"""",""""めい""""]""	""[""""uncle"""",""""aunt"""",""""cousin"""",""""nephew"""",""""niece""""]""	""[""""uncle"""",""""ankle"""",""""apple"""",""""under"""",""""jungle""""]""	[]	[]"
"73	1	house	家	a building where people live	Their house has a small garden.	彼らの家には小さな庭があります。	noun	1	5	""[""""家"""",""""学校"""",""""店"""",""""駅"""",""""公園""""]""	""[""""house"""",""""school"""",""""store"""",""""station"""",""""park""""]""	""[""""house"""",""""mouse"""",""""horse"""",""""home"""",""""hut""""]""	""[{""""word"""":""""home"""",""""note"""":""""home は「家庭・住む場所」の気持ちを含み、house は建物そのものを指すことが多い。""""}]""	[]"
"74	1	See you	またね	used when saying goodbye to someone you expect to meet again	See you after school.	放課後にまたね。	phrase	1	5	""[""""またね"""",""""さようなら"""",""""おはよう"""",""""ありがとう"""",""""おやすみ""""]""	""[""""See you"""",""""Goodbye"""",""""Good morning"""",""""Thank you"""",""""Good night""""]""	""[""""See you"""",""""Thank you"""",""""Meet you"""",""""Need you"""",""""Miss you""""]""	""[{""""word"""":""""Goodbye"""",""""note"""":""""より一般的な別れのあいさつ。See you はまた会う前提がある""""},{""""word"""":""""Bye"""",""""note"""":""""くだけた別れのあいさつ""""}]""	[]"
"75	1	bring	持ってくる	to carry or take something to the place where the speaker is	Please bring your notebook tomorrow.	明日、ノートを持ってきてください。	verb	1	4	""[""""持ってくる"""",""""持っていく"""",""""置く"""",""""見せる"""",""""送る""""]""	""[""""bring"""",""""take"""",""""put"""",""""show"""",""""send""""]""	""[""""bring"""",""""blink"""",""""brick"""",""""breeze"""",""""brown""""]""	""[{""""word"""":""""carry"""",""""note"""":""""carryは「運ぶ」全般で、bringは「こちらへ持ってくる」という方向を表す。""""},{""""word"""":""""take"""",""""note"""":""""takeは「持っていく」で、bringとは方向が反対。""""}]""	""[{""""word"""":""""take"""",""""note"""":""""takeは話し手から離れる方向へ「持っていく」で、bringの反対。""""}]"""
"76	1	T-shirt	Tシャツ	a casual short-sleeved shirt	I am wearing a blue T-shirt.	私は青いTシャツを着ています。	noun	1	4	""[""""Tシャツ"""",""""シャツ"""",""""ズボン"""",""""くつ"""",""""ぼうし""""]""	""[""""T-shirt"""",""""shirt"""",""""pants"""",""""shoes"""",""""hat""""]""	""[""""T-shirt"""",""""teacher"""",""""ticket"""",""""teacup"""",""""team""""]""	[]	[]"
"77	1	test	テスト	a set of questions or tasks used to measure knowledge or skill	We have a math test today.	今日は数学のテストがあります。	noun	1	5	""[""""テスト"""",""""試験"""",""""宿題"""",""""授業"""",""""問題集""""]""	""[""""test"""",""""quiz"""",""""exam"""",""""homework"""",""""class""""]""	""[""""test"""",""""text"""",""""taste"""",""""tent"""",""""desk""""]""	""[{""""word"""":""""exam"""",""""note"""":""""testよりやや正式で、大きな試験を指すことが多い""""},{""""word"""":""""quiz"""",""""note"""":""""testより短くて小さい確認テストを指すことが多い""""}]""	[]"
"78	1	cousin	いとこ	the child of your aunt or uncle	My cousin lives in Tokyo.	私のいとこは東京に住んでいます。	noun	1	4	""[""""いとこ"""",""""おじ"""",""""おば"""",""""めい"""",""""おい""""]""	""[""""cousin"""",""""uncle"""",""""aunt"""",""""niece"""",""""nephew""""]""	""[""""cousin"""",""""dozen"""",""""cotton"""",""""custom"""",""""cushion""""]""	[]	[]"
"79	1	church	教会	a building where Christians go to worship	There is a church near my house.	私の家の近くに教会があります。	noun	2	2	""[""""教会"""",""""学校"""",""""病院"""",""""駅"""",""""図書館""""]""	""[""""church"""",""""school"""",""""hospital"""",""""station"""",""""library""""]""	""[""""church"""",""""search"""",""""charge"""",""""chair"""",""""cheese""""]""	[]	[]"
"80	1	ring	指輪	a circular piece of jewelry worn on your finger	This ring is very pretty.	この指輪はとてもきれいです。	noun	1	4	""[""""指輪"""",""""ネックレス"""",""""ブレスレット"""",""""イヤリング"""",""""腕時計""""]""	""[""""ring"""",""""necklace"""",""""bracelet"""",""""earring"""",""""watch""""]""	""[""""ring"""",""""rink"""",""""wing"""",""""king"""",""""bring""""]""	[]	[]"
"81	1	orange	オレンジ	a round fruit with orange skin and sweet juice	I eat an orange after lunch.	私は昼食のあとにオレンジを食べます。	noun	1	4	""[""""オレンジ"""",""""りんご"""",""""バナナ"""",""""ぶどう"""",""""もも""""]""	""[""""orange"""",""""apple"""",""""banana"""",""""grape"""",""""peach""""]""	""[""""orange"""",""""arrange"""",""""origin"""",""""orchard"""",""""order""""]""	[]	[]"
"82	1	wash	洗う	to clean something with water, often using soap	Wash your hands before dinner.	夕食の前に手を洗いなさい。	verb	1	5	""[""""洗う"""",""""拭く"""",""""乾かす"""",""""切る"""",""""運ぶ""""]""	""[""""wash"""",""""wipe"""",""""dry"""",""""cut"""",""""carry""""]""	""[""""wash"""",""""watch"""",""""wish"""",""""rush"""",""""walk""""]""	""[{""""word"""":""""clean"""",""""note"""":""""clean は「きれいにする」全般で、wash は特に水で洗うときに使う。""""}]""	""[{""""word"""":""""dirty"""",""""note"""":""""dirty は動詞で「汚す」。wash の自然な反対になる。""""}]"""
"83	1	glass	コップ	a container made of glass for drinking from	There is some milk in the glass.	コップの中に牛乳が入っています。	noun	1	4	""[""""コップ"""",""""皿"""",""""茶わん"""",""""びん"""",""""マグカップ""""]""	""[""""glass"""",""""plate"""",""""bowl"""",""""bottle"""",""""cup""""]""	""[""""glass"""",""""grass"""",""""class"""",""""glove"""",""""glad""""]""	""[{""""word"""":""""cup"""",""""note"""":""""cup はふつう取っ手のある飲み物用のカップを指すことが多い""""}]""	[]"
"84	1	water	水	a clear liquid that people drink	Please drink some water.	水を少し飲んでください。	noun	1	5	""[""""水"""",""""お茶"""",""""牛乳"""",""""ジュース"""",""""湯""""]""	""[""""water"""",""""tea"""",""""milk"""",""""juice"""",""""hot water""""]""	""[""""water"""",""""winter"""",""""waiter"""",""""writer"""",""""wonder""""]""	[]	[]"
"85	1	money	お金	coins or bills used to buy things	I need some money for lunch.	私は昼食のためにいくらかお金が必要です。	noun	1	5	""[""""お金"""",""""時間"""",""""食べ物"""",""""かばん"""",""""宿題""""]""	""[""""money"""",""""time"""",""""food"""",""""bag"""",""""homework""""]""	""[""""money"""",""""monkey"""",""""Monday"""",""""many"""",""""honey""""]""	[]	[]"
"86	1	winter	冬	the coldest season of the year, after autumn and before spring	Winter is very cold here.	ここでは冬はとても寒いです。	noun	1	5	""[""""冬"""",""""春"""",""""夏"""",""""秋"""",""""季節""""]""	""[""""winter"""",""""spring"""",""""summer"""",""""autumn"""",""""season""""]""	""[""""winter"""",""""winner"""",""""window"""",""""whisper"""",""""singer""""]""	[]	[]"
"87	1	album	アルバム	a book for keeping photos, or a collection of songs released together	This album has many old photos.	このアルバムには古い写真がたくさんあります。	noun	2	3	""[""""アルバム"""",""""写真集"""",""""日記"""",""""手帳"""",""""ノート""""]""	""[""""album"""",""""diary"""",""""notebook"""",""""calendar"""",""""folder""""]""	""[""""album"""",""""atom"""",""""autumn"""",""""bottom"""",""""alarm""""]""	[]	[]"
"88	1	red	赤い	having the color red	I have a red cap.	私は赤い帽子を持っています。	adjective	1	5	""[""""赤い"""",""""青い"""",""""黄色い"""",""""黒い"""",""""白い""""]""	""[""""red"""",""""blue"""",""""yellow"""",""""black"""",""""white""""]""	""[""""red"""",""""read"""",""""led"""",""""rid"""",""""road""""]""	[]	""[{""""word"""":""""blue"""",""""note"""":""""色として対比しやすい基本語""""}]"""
"89	1	green	緑の	having the color of grass or leaves	The tree has green leaves.	その木には緑の葉があります。	adjective	1	5	""[""""緑の"""",""""赤い"""",""""青い"""",""""黄色い"""",""""黒い""""]""	""[""""green"""",""""red"""",""""blue"""",""""yellow"""",""""black""""]""	""[""""green"""",""""clean"""",""""cream"""",""""gray"""",""""grin""""]""	[]	[]"
"90	1	black	黒い	having the color black; very dark in color	My shoes are black.	私のくつは黒いです。	adjective	1	5	""[""""黒い"""",""""白い"""",""""赤い"""",""""青い"""",""""黄色い""""]""	""[""""black"""",""""white"""",""""red"""",""""blue"""",""""yellow""""]""	""[""""black"""",""""block"""",""""blank"""",""""back"""",""""brick""""]""	[]	""[{""""word"""":""""white"""",""""note"""":""""色の反対語として最も基本的で自然""""}]"""
"91	1	blue	青い	having the color of the sky on a clear day	The sky is blue today.	今日は空が青いです。	adjective	1	5	""[""""青い"""",""""赤い"""",""""黄色い"""",""""白い"""",""""黒い""""]""	""[""""blue"""",""""red"""",""""yellow"""",""""white"""",""""black""""]""	""[""""blue"""",""""blow"""",""""brown"""",""""black"""",""""glue""""]""	[]	[]"
"92	1	white	白い	having the color of snow or milk	Her dog is small and white.	彼女の犬は小さくて白いです。	adjective	1	5	""[""""白い"""",""""黒い"""",""""赤い"""",""""青い"""",""""黄色い""""]""	""[""""white"""",""""black"""",""""red"""",""""blue"""",""""yellow""""]""	""[""""white"""",""""wide"""",""""wet"""",""""wait"""",""""light""""]""	[]	""[{""""word"""":""""black"""",""""note"""":""""色の反対として最も基本的で自然な組み合わせ。""""}]"""
"93	1	yellow	黄色い	having the color of the sun or a lemon	I see yellow flowers over there.	私はあそこに黄色い花が見えます。	adjective	1	4	""[""""黄色い"""",""""赤い"""",""""青い"""",""""白い"""",""""黒い""""]""	""[""""yellow"""",""""red"""",""""blue"""",""""white"""",""""black""""]""	""[""""yellow"""",""""hello"""",""""window"""",""""yummy"""",""""fellow""""]""	[]	[]"
"94	1	come in	入ってくる	to enter a room or building	Please come in and sit down.	どうぞ入って座ってください。	verb	1	5	""[""""入ってくる"""",""""出ていく"""",""""座る"""",""""待つ"""",""""開ける""""]""	""[""""come in"""",""""go out"""",""""sit"""",""""wait"""",""""open""""]""	""[""""come in"""",""""go in"""",""""come on"""",""""go out"""",""""sit down""""]""	""[{""""word"""":""""enter"""",""""note"""":""""よりややかたい表現。come in は話し言葉でよく使う。""""}]""	""[{""""word"""":""""go out"""",""""note"""":""""中から外へ出ること。come in は外から中へ入ること。""""}]"""
"95	1	meet	会う	to see someone for the first time or come together with someone as planned	I will meet Ken after school.	私は放課後にケンに会います。	verb	1	5	""[""""会う"""",""""呼ぶ"""",""""待つ"""",""""手伝う"""",""""訪ねる""""]""	""[""""meet"""",""""call"""",""""wait"""",""""help"""",""""visit""""]""	""[""""meet"""",""""meat"""",""""met"""",""""mint"""",""""melt""""]""	""[{""""word"""":""""see"""",""""note"""":""""日常会話で広く使うが、meet は『会う・初めて会う・待ち合わせで会う』の意味が強い。""""}]""	[]"
"96	1	south	南	the direction on a map that is opposite to north	This bird flies south in winter.	この鳥は冬に南へ飛びます。	noun	1	4	""[""""南"""",""""北"""",""""東"""",""""西"""",""""中央""""]""	""[""""south"""",""""north"""",""""east"""",""""west"""",""""center""""]""	""[""""south"""",""""sound"""",""""mouth"""",""""soup"""",""""sun""""]""	[]	""[{""""word"""":""""north"""",""""note"""":""""反対の方角""""}]"""
"97	1	north	北	the direction on a map that is opposite to south	Our town is north of here.	私たちの町はここから北にあります。	noun	1	4	""[""""北"""",""""南"""",""""東"""",""""西"""",""""中央""""]""	""[""""north"""",""""south"""",""""east"""",""""west"""",""""center""""]""	""[""""north"""",""""mouth"""",""""fourth"""",""""note"""",""""nurse""""]""	[]	""[{""""word"""":""""south"""",""""note"""":""""反対の方角""""}]"""
"98	1	finish	終える	to complete something or come to the end of it	We finish class at three.	私たちは3時に授業を終えます。	verb	1	5	""[""""終える"""",""""始める"""",""""続ける"""",""""休む"""",""""学ぶ""""]""	""[""""finish"""",""""start"""",""""continue"""",""""rest"""",""""study""""]""	""[""""finish"""",""""furnish"""",""""vanish"""",""""fix"""",""""fish""""]""	""[{""""word"""":""""complete"""",""""note"""":""""finishよりややかたい語で、「完全に終える」という感じがある。""""},{""""word"""":""""end"""",""""note"""":""""finishより短く基本的。文脈によっては「終わる・終える」の両方で使う。""""}]""	""[{""""word"""":""""start"""",""""note"""":""""「始める」という自然な反対語。""""},{""""word"""":""""begin"""",""""note"""":""""startとほぼ同じで、少しかたい言い方。""""}]"""
"99	1	box	箱	a container for putting things in	The toys are in the box.	おもちゃは箱の中にあります。	noun	1	4	""[""""箱"""",""""袋"""",""""かご"""",""""びん"""",""""缶""""]""	""[""""box"""",""""bag"""",""""basket"""",""""bottle"""",""""can""""]""	""[""""box"""",""""fox"""",""""books"""",""""back"""",""""bus""""]""	[]	[]"
"100	1	cheap	安い	costing little money; not expensive	This cap is cheap.	この帽子は安いです。	adjective	1	4	""[""""安い"""",""""高い"""",""""新しい"""",""""重い"""",""""小さい""""]""	""[""""cheap"""",""""expensive"""",""""new"""",""""heavy"""",""""small""""]""	""[""""cheap"""",""""chip"""",""""cheek"""",""""jeep"""",""""sheep""""]""	""[{""""word"""":""""inexpensive"""",""""note"""":""""cheapよりやや丁寧で、中立的な言い方。""""}]""	""[{""""word"""":""""expensive"""",""""note"""":""""「高価な」という自然な反対語。""""}]"""
"101	1	expensive	高価な	costing a lot of money; having a high price	This watch is too expensive for me.	この時計は私には高すぎます。	adjective	1	4	""[""""高価な"""",""""安い"""",""""人気のある"""",""""重い"""",""""便利な""""]""	""[""""expensive"""",""""cheap"""",""""popular"""",""""heavy"""",""""useful""""]""	""[""""expensive"""",""""extensive"""",""""expressive"""",""""expansion"""",""""experience""""]""	""[{""""word"""":""""costly"""",""""note"""":""""やや硬い語で、expensive とほぼ同じく「高価な」""""},{""""word"""":""""pricey"""",""""note"""":""""口語的で「ちょっと高い」のような響きがある""""}]""	""[{""""word"""":""""cheap"""",""""note"""":""""「安い」。最も基本的な反対語""""}]"""
"102	1	Japan	日本	a country in East Asia	Japan has many beautiful temples.	日本には美しい寺がたくさんあります。	noun	1	5	""[""""日本"""",""""中国"""",""""韓国"""",""""インド"""",""""タイ""""]""	""[""""Japan"""",""""China"""",""""Korea"""",""""India"""",""""Thailand""""]""	""[""""Japan"""",""""jungle"""",""""jumper"""",""""giant"""",""""jacket""""]""	[]	[]"
"103	1	wet	ぬれている	covered with water; not dry	My socks are still wet.	私のくつ下はまだぬれています。	adjective	1	4	""[""""ぬれている"""",""""乾いている"""",""""熱い"""",""""冷たい"""",""""やわらかい""""]""	""[""""wet"""",""""dry"""",""""hot"""",""""cold"""",""""soft""""]""	""[""""wet"""",""""wait"""",""""west"""",""""met"""",""""net""""]""	""[{""""word"""":""""damp"""",""""note"""":""""wetより少しだけぬれている感じ""""},{""""word"""":""""moist"""",""""note"""":""""ややかたく、少ししめった状態に使う""""}]""	""[{""""word"""":""""dry"""",""""note"""":""""ぬれていない状態""""}]"""
"104	1	make	作る	to create, build, or prepare something	I make dinner with my mom.	私はお母さんと夕食を作ります。	verb	1	5	""[""""作る"""",""""食べる"""",""""買う"""",""""使う"""",""""運ぶ""""]""	""[""""make"""",""""eat"""",""""buy"""",""""use"""",""""carry""""]""	""[""""make"""",""""take"""",""""wake"""",""""lake"""",""""bake""""]""	""[{""""word"""":""""create"""",""""note"""":""""より新しいものを生み出す意味で使うことが多い""""},{""""word"""":""""build"""",""""note"""":""""建物や形のあるものを作るときによく使う""""}]""	[]"
"105	1	chocolate	チョコレート	a sweet brown food made from cacao beans	I like chocolate very much.	私はチョコレートがとても好きです。	noun	1	5	""[""""チョコレート"""",""""キャンディー"""",""""クッキー"""",""""アイスクリーム"""",""""ケーキ""""]""	""[""""chocolate"""",""""candy"""",""""cookie"""",""""ice cream"""",""""cake""""]""	""[""""chocolate"""",""""chipmunk"""",""""champion"""",""""calendar"""",""""coconut""""]""	[]	[]"
"106	1	Tuesday	火曜日	the day of the week after Monday and before Wednesday	I have piano lessons on Tuesday.	私は火曜日にピアノのレッスンがあります。	noun	1	5	""[""""火曜日"""",""""月曜日"""",""""水曜日"""",""""木曜日"""",""""金曜日""""]""	""[""""Tuesday"""",""""Monday"""",""""Wednesday"""",""""Thursday"""",""""Friday""""]""	""[""""Tuesday"""",""""Thursday"""",""""today"""",""""Tuesday's"""",""""two-day""""]""	[]	[]"
"107	1	tomorrow	明日	the day after today	I will call you tomorrow.	私は明日あなたに電話します。	adverb	1	5	""[""""明日"""",""""昨日"""",""""今日"""",""""今夜"""",""""朝""""]""	""[""""tomorrow"""",""""yesterday"""",""""today"""",""""tonight"""",""""morning""""]""	""[""""tomorrow"""",""""tonight"""",""""today"""",""""follow"""",""""borrow""""]""	[]	""[{""""word"""":""""yesterday"""",""""note"""":""""「昨日」で、tomorrow の自然な反対語。""""}]"""
"108	1	Thursday	木曜日	the day of the week after Wednesday and before Friday	We have music class on Thursday.	私たちは木曜日に音楽の授業があります。	noun	1	5	""[""""木曜日"""",""""月曜日"""",""""火曜日"""",""""水曜日"""",""""金曜日""""]""	""[""""Thursday"""",""""Monday"""",""""Tuesday"""",""""Wednesday"""",""""Friday""""]""	""[""""Thursday"""",""""Tuesday"""",""""thirteen"""",""""thirty"""",""""birthday""""]""	[]	[]"
"109	1	yesterday	昨日	the day before today	I was busy yesterday.	私は昨日忙しかったです。	adverb	1	5	""[""""昨日"""",""""今日"""",""""明日"""",""""今夜"""",""""今朝""""]""	""[""""yesterday"""",""""today"""",""""tomorrow"""",""""tonight"""",""""this morning""""]""	""[""""yesterday"""",""""holiday"""",""""Saturday"""",""""everyday"""",""""history""""]""	[]	[]"
"110	1	birthday	誕生日	the day of the year when you were born	My birthday is in June.	私の誕生日は6月です。	noun	1	5	""[""""誕生日"""",""""休日"""",""""記念日"""",""""週末"""",""""休み""""]""	""[""""birthday"""",""""holiday"""",""""anniversary"""",""""weekend"""",""""vacation""""]""	""[""""birthday"""",""""bird"""",""""Thursday"""",""""dirty"""",""""thirty""""]""	[]	[]"